{"v":"4.8.0","meta":{"g":"LottieFiles AE ","a":"","k":"","d":"","tc":""},"fr":60,"ip":0,"op":360,"w":190,"h":190,"nm":"roadmap","ddd":0,"assets":[],"layers":[{"ddd":0,"ind":1,"ty":4,"nm":"Layer 1","sr":1,"ks":{"o":{"a":0,"k":100,"ix":11},"r":{"a":0,"k":0,"ix":10},"p":{"a":0,"k":[95,95,0],"ix":2},"a":{"a":0,"k":[0,0,0],"ix":1},"s":{"a":0,"k":[100,100,100],"ix":6}},"ao":0,"shapes":[{"ty":"gr","it":[{"ind":0,"ty":"sh","ix":1,"ks":{"a":0,"k":{"i":[[-4.138,-0.858],[-0.858,4.138],[4.138,0.858],[0.858,-4.138]],"o":[[4.138,0.858],[0.858,-4.138],[-4.138,-0.858],[-0.858,4.138]],"v":[[-11.638,-30.439],[-2.591,-36.378],[-8.531,-45.425],[-17.577,-39.486]],"c":true},"ix":2},"nm":"1","mn":"ADBE Vector Shape - Group","hd":false},{"ind":1,"ty":"sh","ix":2,"ks":{"a":0,"k":{"i":[[0,0],[0,0]],"o":[[0,0],[0,0]],"v":[[-13.275,-30.981],[-22.427,-10.184]],"c":false},"ix":2},"nm":"2","mn":"ADBE Vector Shape - Group","hd":false},{"ind":2,"ty":"sh","ix":3,"ks":{"a":0,"k":{"i":[[-0.159,4.223],[4.223,0.159],[0.159,-4.223],[-4.223,-0.159]],"o":[[0.159,-4.223],[-4.223,-0.159],[-0.159,4.223],[4.223,0.159]],"v":[[-17.947,-2.933],[-25.305,-10.868],[-33.24,-3.51],[-25.882,4.426]],"c":true},"ix":2},"nm":"3","mn":"ADBE Vector Shape - Group","hd":false},{"ind":3,"ty":"sh","ix":4,"ks":{"a":0,"k":{"i":[[0,0],[0,0]],"o":[[0,0],[0,0]],"v":[[-18.178,-1.348],[16.527,4.975]],"c":false},"ix":2},"nm":"4","mn":"ADBE Vector Shape - Group","hd":false},{"ind":4,"ty":"sh","ix":5,"ks":{"a":0,"k":{"i":[[-4.081,1.097],[1.097,4.081],[4.081,-1.097],[-1.097,-4.081]],"o":[[4.081,-1.097],[-1.097,-4.081],[-4.081,1.097],[1.097,4.081]],"v":[[24.765,16.77],[30.169,7.393],[20.792,1.99],[15.389,11.367]],"c":true},"ix":2},"nm":"5","mn":"ADBE Vector Shape - Group","hd":false},{"ind":5,"ty":"sh","ix":6,"ks":{"a":0,"k":{"i":[[0,0],[0,0]],"o":[[0,0],[0,0]],"v":[[17.54,14.95],[6.343,32.477]],"c":false},"ix":2},"nm":"6","mn":"ADBE Vector Shape - Group","hd":false},{"ind":6,"ty":"sh","ix":7,"ks":{"a":0,"k":{"i":[[1.991,3.728],[3.728,-1.991],[-1.991,-3.728],[-3.728,1.991]],"o":[[-1.991,-3.728],[-3.728,1.991],[1.991,3.728],[3.728,-1.991]],"v":[[7.77,34.367],[-2.585,31.222],[-5.731,41.576],[4.624,44.722]],"c":true},"ix":2},"nm":"7","mn":"ADBE Vector Shape - Group","hd":false},{"ty":"st","c":{"a":0,"k":[1,0,0.556862771511,1],"ix":3},"o":{"a":0,"k":100,"ix":4},"w":{"a":0,"k":5,"ix":5},"lc":1,"lj":1,"ml":10,"bm":0,"nm":"Stroke 1","mn":"ADBE Vector Graphic - Stroke","hd":false},{"ty":"tr","p":{"a":0,"k":[0,0],"ix":2},"a":{"a":0,"k":[0,0],"ix":1},"s":{"a":0,"k":[100,100],"ix":3},"r":{"a":0,"k":0,"ix":6},"o":{"a":0,"k":100,"ix":7},"sk":{"a":0,"k":0,"ix":4},"sa":{"a":0,"k":0,"ix":5},"nm":"Transform"}],"nm":"Group 1","np":8,"cix":2,"bm":0,"ix":1,"mn":"ADBE Vector Group","hd":false},{"ty":"tm","s":{"a":0,"k":0,"ix":1},"e":{"a":1,"k":[{"i":{"x":[0.267],"y":[1]},"o":{"x":[0.333],"y":[0]},"t":0,"s":[0]},{"t":335,"s":[100]}],"ix":2},"o":{"a":0,"k":0,"ix":3},"m":2,"ix":2,"nm":"Trim Paths 1","mn":"ADBE Vector Filter - Trim","hd":false}],"ip":0,"op":360,"st":0,"bm":0}],"markers":[]}